{
    "A_SoftVoting_60_40": {
        "macro_f1": 0.4064760499292873,
        "macro_recall": 0.39709090909090905,
        "per_class_recall": {
            "0": 0.44,
            "1": 0.4375,
            "2": 0.21212121212121213,
            "3": 0.8958333333333334,
            "4": 0.0
        }
    },
    "B_BalancedVoting_50_50": {
        "macro_f1": 0.39022915892481114,
        "macro_recall": 0.3849242424242424,
        "per_class_recall": {
            "0": 0.4,
            "1": 0.4375,
            "2": 0.21212121212121213,
            "3": 0.875,
            "4": 0.0
        }
    },
    "C_ClassWeightedFusion": {
        "macro_f1": 0.3864305096470303,
        "macro_recall": 0.38075757575757574,
        "per_class_recall": {
            "0": 0.4,
            "1": 0.4375,
            "2": 0.21212121212121213,
            "3": 0.8541666666666666,
            "4": 0.0
        }
    },
    "RF_Baseline": {
        "macro_f1": 0.3969932594464969,
        "macro_recall": 0.3845909090909091,
        "per_class_recall": {
            "0": 0.44,
            "1": 0.375,
            "2": 0.21212121212121213,
            "3": 0.8958333333333334,
            "4": 0.0
        }
    },
    "SVC_Baseline": {
        "macro_f1": 0.38413647945053725,
        "macro_recall": 0.3889393939393939,
        "per_class_recall": {
            "0": 0.4,
            "1": 0.5,
            "2": 0.30303030303030304,
            "3": 0.5416666666666666,
            "4": 0.2
        }
    }
}