{
    "before_optimization": {
        "macro_f1": 0.4064760499292873,
        "macro_recall": 0.39709090909090905,
        "per_class_recall": {
            "0": 0.44,
            "1": 0.4375,
            "2": 0.21212121212121213,
            "3": 0.8958333333333334,
            "4": 0.0
        }
    },
    "after_optimization": {
        "macro_f1": 0.4596966294046586,
        "macro_recall": 0.4370909090909091,
        "per_class_recall": {
            "0": 0.44,
            "1": 0.4375,
            "2": 0.21212121212121213,
            "3": 0.8958333333333334,
            "4": 0.2
        }
    }
}