{
    "macro_f1": 0.4999261940245547,
    "macro_recall": 0.46965151515151515,
    "accuracy": 0.5275590551181102,
    "per_class_recall": {
        "0": 0.56,
        "1": 0.375,
        "2": 0.24242424242424243,
        "3": 0.7708333333333334,
        "4": 0.4
    },
    "best_et_weight": 0.7,
    "best_svc_weight": 0.30000000000000004
}