{
    "0": 0.1,
    "1": 0.7000000000000001,
    "2": 0.5000000000000001,
    "3": 0.30000000000000004,
    "4": 0.1
}